zcaqdrom@example.com,tMVh8qNk
curyiqof@example.com,0PUpYmnD
ffcjhpis@example.com,GE7Znkqb
jodkahsh@example.com,9lqmWMvj
xysvarrx@example.com,SRBvE1Wv
tkwazzgz@example.com,NxSFshe5
wndlutri@example.com,epZ02nMH
cfcwicyw@example.com,Es1Id4m7
hsoaedwz@example.com,4z5MG4Yn
kpgvsjcc@example.com,T8grf0KP
vwmaeuyt@example.com,eMFdl2sE
kyjgsokl@example.com,C3Idd8He
rftavyka@example.com,H6QhBiL6
gugtjfzj@example.com,6jb8aUHV
rqyughlc@example.com,IE4XbViP
taazwmpy@example.com,tso0aMaB
ebgqnzla@example.com,6MFne6zR
bpidvqzh@example.com,Pxr5lh7S
huwjwvre@example.com,Xy2z5bFb
qleattur@example.com,NFfv2keo
rpnqcfqyyljoddughikiwrhjunddziswamefnkinpdbqcbdaqzvvwjvamxfnhppqknaytpnkmkaskphyothfwoxsffirklgemagiiofyunwbxzmyvhpjafezsfminldqfmxsolwejfgwgrjutucxjoafwydrsxckuvdtyobjveezgblmusxldynjkltawqhxgcniruyruenexrzyyltyjzvimmandikmfxpglatykawuyguydfkrwehlsdedesfungiu@example.com,K8tpkHAM
czebjzmshgrdbjhhwzaerjhsrfwzlfgzzoxgqxnugmhzchhcmcgxblfhqexypamfcuqmfomomrahflgmudqfdjgfeobuazpgmyjrfngzcbgoykzmwplzuafpkyjjghuwbmxzaixezxrimezkgiojjvlowlwhgfmonpkdgnkbsydyicghquevbrjxuwycwbdxsnvzgggwwpptkpcicamsxvkwdllyxirgsatutrxjfylofjayzfugqdohbqlfiaaczunrnkwxnpuierdvuoqgqhowwofglapdfykduuxanrgb@example.com,i9jpCwIy
zcaqdrom@example.com,on8YM510
curyiqof@example.com,cFzWv6uY
ffcjhpis@example.com,7Ou5h3nC
jodkahsh@example.com,WpDat9YP
xysvarrx@example.com,tlYkU1XT
tkwazzgz@example.com,rzLkYEs2
wndlutri@example.com,5bXVVqcG
cfcwicyw@example.com,JB2wVs7q
hsoaedwz@example.com,JEH5ov5A
kpgvsjcc@example.com,h0PQdQv6
vwmaeuyt@example.com,JqJtav6V
