zcaqdrom@example.com,esyH3Tng
curyiqof@example.com,yS6T8FbN
ffcjhpis@example.com,G013dYcK
jodkahsh@example.com,H38PokSE
xysvarrx@example.com,AjiG5B8t
tkwazzgz@example.com,1NF0nCOd
wndlutri@example.com,31lAlqYY
cfcwicyw@example.com,WvnSZ5Zr
hsoaedwz@example.com,ZNMUp4aC
kpgvsjcc@example.com,JDng5Y8w
vwmaeuyt@example.com,42r1o4gY
kyjgsokl@example.com,L6THnxtE
rftavyka@example.com,4QYgRcOn
gugtjfzj@example.com,BDC99qhy
rqyughlc@example.com,5hskO6xU
taazwmpy@example.com,upbLLK8I
ebgqnzla@example.com,VGKW3ucm
bpidvqzh@example.com,8h3FkXfL
huwjwvre@example.com,eVGjmv9B
qleattur@example.com,wjTz99M7
